<!-- edited with Notepad++ by Victor den Toom (Logius) -->
<!--		
	Name: AssignmentNL_Assignment_SETU1_3.xml
	Purpose: Defines an assignment example for the Netherlands.
	Author(s): SETU / Logius
	Contact: helpdesk@setu.nl / centrumvoorstandaarden@logius.nl
	Release: v1.3 / OHNL 2.0
-->
<Assignment xmlns="http://ns.hr-xml.org/2007-04-15" xmlns:xsi="http://www.w3.org/2001/XMLSchema-instance" xmlns:nl="http://ns.setu.nl/2012-01" xsi:schemaLocation="http://ns.hr-xml.org/2007-04-15 ../../Assignment.xsd http://ns.setu.nl/2012-01 ../2012-01/AssignmentAdditionalNL.xsd" assignmentStatus="active" xml:lang="en-gb">
	<AssignmentId idOwner="StaffingCompany">
		<IdValue>190/0057/016030</IdValue>
	</AssignmentId>
	<ReferenceInformation>
		<StaffingCustomerId idOwner="StaffingCompany">
			<IdValue>223445</IdValue>
		</StaffingCustomerId>
		<StaffingCustomerOrgUnitId idOwner="StaffingCustomer">
			<IdValue>9876</IdValue>
		</StaffingCustomerOrgUnitId>
		<OrderId idOwner="StaffingCompany">
			<IdValue>RFQ123789</IdValue>
		</OrderId>
		<HumanResourceId idOwner="StaffingCompany">
			<IdValue>179943169</IdValue>
		</HumanResourceId>
		<HumanResourceId idOwner="StaffingCustomer">
			<IdValue>23456</IdValue>
		</HumanResourceId>
		<PositionId>
			<IdValue/>
		</PositionId>
		<StaffingSupplierId idOwner="StaffingCustomer">
			<IdValue>39876</IdValue>
		</StaffingSupplierId>
		<StaffingSupplierOrgUnitId idOwner="StaffingCustomer">
			<IdValue>53954</IdValue>
		</StaffingSupplierOrgUnitId>
	</ReferenceInformation>
	<CustomerReportingRequirements>
		<ManagerName>M.A. Nager</ManagerName>		
		<ContactName>I.N. ter Cedent</ContactName>
		<PurchaseOrderNumber>PO123789</PurchaseOrderNumber>
		<DepartmentCode>12</DepartmentCode>
		<DepartmentName>Productie</DepartmentName>
		<CostCenterCode>173</CostCenterCode>
		<CostCenterName>Staalproductie</CostCenterName>
		<ProjectCode>012.30303</ProjectCode>
		<AdditionalRequirement requirementTitle="VersionId">2.0</AdditionalRequirement>
		<AdditionalRequirement requirementTitle="MessageVersion">2019-10-28</AdditionalRequirement>
	</CustomerReportingRequirements>
	<Rates rateStatus="agreed" rateType="bill">
		<Amount currency="EUR" rateAmountPeriod="x:hourlyconsolidated">16.00</Amount>
		<Class>TimeInterval</Class>
		<Multiplier>100</Multiplier>
		<StartDate>2017-08-01</StartDate>
		<EndDate>2018-02-01</EndDate>
		<CustomerRateClassification>
			<IdValue>Regular</IdValue>
		</CustomerRateClassification>
	</Rates>
	<Rates rateStatus="agreed" rateType="bill">
		<Amount currency="EUR" rateAmountPeriod="x:hourlyconsolidated">24.00</Amount>
		<Class>TimeInterval</Class>
		<Multiplier>150</Multiplier>
		<StartDate>2017-08-01</StartDate>
		<EndDate>2018-02-01</EndDate>
		<CustomerRateClassification>
			<IdValue>Overtime</IdValue>
		</CustomerRateClassification>
	</Rates>
	<Rates rateStatus="agreed" rateType="bill">
		<Amount currency="EUR" rateAmountPeriod="x:hourlyconsolidated">20.00</Amount>
		<Class>TimeInterval</Class>
		<Multiplier>125</Multiplier>
		<StartDate>2017-08-01</StartDate>
		<EndDate>2018-02-01</EndDate>
		<CustomerRateClassification>
			<IdValue>Shift</IdValue>
		</CustomerRateClassification>
	</Rates>
	<Rates rateStatus="agreed" rateType="bill">
		<Amount currency="EUR" rateAmountPeriod="perunit">0.35</Amount>
		<Class>Expense</Class>
		<StartDate>2017-08-01</StartDate>
		<EndDate>2018-02-01</EndDate>
		<Description>Vervoerskosten</Description>
		<CustomerRateClassification>
			<IdValue name="Transportation">101B</IdValue>
		</CustomerRateClassification>
	</Rates>
	<StaffingShift shiftPeriod="weekly">
		<Id>
			<IdValue/>
		</Id>
		<Hours>32</Hours>
	</StaffingShift>
	<AssignmentDateRange>
		<StartDate>2017-08-01</StartDate>
		<ExpectedEndDate>2018-02-01</ExpectedEndDate>
	</AssignmentDateRange>
	<UserArea>
		<nl:AssignmentAdditionalNL>
			<nl:SETUVersionId>1.3</nl:SETUVersionId>
			<nl:JobTitle>Lasser</nl:JobTitle>
			<nl:JobId>9</nl:JobId>
			<nl:JobGroup>6</nl:JobGroup>
			<nl:StaffingWorkSite>
				<WorkSiteName>Werkplaats</WorkSiteName>
				<PostalAddress>
					<CountryCode>NL</CountryCode>
					<PostalCode>1112 XK</PostalCode>
					<Municipality>Diemen</Municipality>
					<DeliveryAddress>
						<StreetName>Wisselwerking</StreetName>
						<BuildingNumber>2</BuildingNumber>
					</DeliveryAddress>
				</PostalAddress>
			</nl:StaffingWorkSite>
			<nl:ShiftType>4-shift work</nl:ShiftType>
			<nl:CLAReference>
				<nl:Description>CAO MT METAALBEWERKINGSBEDRIJF</nl:Description>
				<nl:CLAId>824</nl:CLAId>
			</nl:CLAReference>
			<nl:InclusiveRate>true</nl:InclusiveRate>
			<nl:HumanResourceInformation>
				<nl:SalaryScale>5;4</nl:SalaryScale>
				<nl:InsuranceGroup>B</nl:InsuranceGroup>
				<nl:SingleCommuterTrafficDistance>8.2</nl:SingleCommuterTrafficDistance>
				<nl:EmployeePhase>A</nl:EmployeePhase>
				<nl:EmployeeContract>true</nl:EmployeeContract>
				<nl:VacationWorker>false</nl:VacationWorker>
				<nl:RecruitedBy>StaffingCompany</nl:RecruitedBy>
			</nl:HumanResourceInformation>
		</nl:AssignmentAdditionalNL>
	</UserArea>
</Assignment>
