<!-- edited with Notepad++ by Victor den Toom (Logius) -->
<!--		
	Name: AssignmentNL_StatusAssignment_SETU1_3.xml
	Purpose: Defines an OHNL assignment confirmation example for the Netherlands.
	Author(s): SETU / Logius
	Contact: helpdesk@setu.nl / centrumvoorstandaarden@logius.nl
	Release: SETU v1.3 / OHNL 2.0
	Status: DRAFT 
-->
<Assignment xmlns="http://ns.hr-xml.org/2007-04-15" xmlns:xsi="http://www.w3.org/2001/XMLSchema-instance" xmlns:nl="http://ns.setu.nl/2012-01" xsi:schemaLocation="http://ns.hr-xml.org/2007-04-15 ../../Assignment.xsd http://ns.setu.nl/2012-01 ../2012-01/AssignmentAdditionalNL.xsd" assignmentStatus="active" xml:lang="en-gb">
	<AssignmentId idOwner="StaffingCompany">
		<IdValue>190/0057/016030</IdValue>
	</AssignmentId>
	<ReferenceInformation>
		<StaffingCustomerId>
			<IdValue/>
		</StaffingCustomerId>
		<HumanResourceId>
			<IdValue/>
		</HumanResourceId>
		<PositionId>
			<IdValue/>
		</PositionId>
	</ReferenceInformation>
	<CustomerReportingRequirements>
		<AdditionalRequirement requirementTitle="VersionId">2.0</AdditionalRequirement>
		<AdditionalRequirement requirementTitle="MessageVersion">2019-10-28</AdditionalRequirement>
	</CustomerReportingRequirements>
	<Rates rateStatus="agreed" rateType="bill">
		<Class/>
		<StartDate>1111-11-11</StartDate> 
		<!-- Vaste waarde 1111-11-11 voor StatusAssignment -->
	</Rates>
	<StaffingShift>
		<Id>
			<IdValue/>
		</Id>
	</StaffingShift>
	<AssignmentDateRange>
		<StartDate>1111-11-11</StartDate>
	</AssignmentDateRange>
	<UserArea>
		<nl:AssignmentAdditionalNL>
			<nl:SETUVersionId>1.3</nl:SETUVersionId>
			<nl:ReasonOfChange>Confirmation</nl:ReasonOfChange>
		</nl:AssignmentAdditionalNL>	
	</UserArea>
</Assignment>
