<?xml version="1.0" encoding="UTF-8"?>
<HumanResource 	xmlns="http://ns.hr-xml.org/2007-04-15" 
	xmlns:xsi="http://www.w3.org/2001/XMLSchema-instance"
	xmlns:nl="http://ns.setu.nl/2008-01"  
	xsi:schemaLocation="http://ns.hr-xml.org/2007-04-15 ../SIDES/HumanResource.xsd http://ns.setu.nl/2008-01 ../SIDES/NL/2008-01/HumanResourceAdditionalNL.xsd">
	<HumanResourceId validFrom="2011-01-10" idOwner="staffingCompany">
		<IdValue>55889</IdValue>
	</HumanResourceId>
	<HumanResourceStatus status="accepted"/>
	<ReferenceInformation>
		<StaffingSupplierId idOwner="staffingCustomer">
			<IdValue>83945hj</IdValue>
		</StaffingSupplierId>
		<StaffingCustomerId idOwner="staffingCustomer">
			<IdValue>mjfd88r4</IdValue>
		</StaffingCustomerId>
		<IntermediaryId idOwner="staffingCustomer">
			<IdValue>StaffingagencyX</IdValue>
		</IntermediaryId>
		<OrderId idOwner="StaffingCustomer">
			<IdValue>SO1000311210</IdValue>
		</OrderId>
	</ReferenceInformation>
	<ResourceInformation>
		<PersonName/>
		<EntityContactInfo>
			<EntityName>Inleenlev BV</EntityName>
			<PersonName>
				<LegalName>Ver huurling</LegalName>
			</PersonName>
			<ContactMethod>
				<PostalAddress>
					<CountryCode>NL</CountryCode>
					<PostalCode>1234AB</PostalCode>
					<Municipality>Plaatsplaats</Municipality>
					<DeliveryAddress>
						<StreetName>Wegweg</StreetName>
						<BuildingNumber>1 III</BuildingNumber>
					</DeliveryAddress>
				</PostalAddress>
			</ContactMethod>
		</EntityContactInfo>
		<AvailabilityDate>
			<AvailabilityStartDate>2011-02-01</AvailabilityStartDate>
		</AvailabilityDate>
	</ResourceInformation>
	<Profile/>
	<Preferences/>
	<HumanResourceComments>inhuur LB</HumanResourceComments>
	<UserArea>
		<nl:HumanResourceAdditionalNL>
			<nl:OfferId>
				<IdValue></IdValue>
			</nl:OfferId>
			<nl:CustomerReportingRequirements>
				<AdditionalRequirement requirementTitle="VersionId">1.8</AdditionalRequirement>
			</nl:CustomerReportingRequirements>
		</nl:HumanResourceAdditionalNL>	
	</UserArea>
</HumanResource>
